{"assets/fonts/Poppins-Black.ttf":["assets/fonts/Poppins-Black.ttf"],"assets/fonts/Poppins-BlackItalic.ttf":["assets/fonts/Poppins-BlackItalic.ttf"],"assets/fonts/Poppins-Bold.ttf":["assets/fonts/Poppins-Bold.ttf"],"assets/fonts/Poppins-BoldItalic.ttf":["assets/fonts/Poppins-BoldItalic.ttf"],"assets/fonts/Poppins-ExtraBold.ttf":["assets/fonts/Poppins-ExtraBold.ttf"],"assets/fonts/Poppins-ExtraBoldItalic.ttf":["assets/fonts/Poppins-ExtraBoldItalic.ttf"],"assets/fonts/Poppins-ExtraLight.ttf":["assets/fonts/Poppins-ExtraLight.ttf"],"assets/fonts/Poppins-ExtraLightItalic.ttf":["assets/fonts/Poppins-ExtraLightItalic.ttf"],"assets/fonts/Poppins-Italic.ttf":["assets/fonts/Poppins-Italic.ttf"],"assets/fonts/Poppins-Light.ttf":["assets/fonts/Poppins-Light.ttf"],"assets/fonts/Poppins-LightItalic.ttf":["assets/fonts/Poppins-LightItalic.ttf"],"assets/fonts/Poppins-Medium.ttf":["assets/fonts/Poppins-Medium.ttf"],"assets/fonts/Poppins-MediumItalic.ttf":["assets/fonts/Poppins-MediumItalic.ttf"],"assets/fonts/Poppins-Regular.ttf":["assets/fonts/Poppins-Regular.ttf"],"assets/fonts/Poppins-SemiBold.ttf":["assets/fonts/Poppins-SemiBold.ttf"],"assets/fonts/Poppins-SemiBoldItalic.ttf":["assets/fonts/Poppins-SemiBoldItalic.ttf"],"assets/fonts/Poppins-Thin.ttf":["assets/fonts/Poppins-Thin.ttf"],"assets/fonts/Poppins-ThinItalic.ttf":["assets/fonts/Poppins-ThinItalic.ttf"],"assets/images/bx_w_back.jpg":["assets/images/bx_w_back.jpg"],"assets/images/bx_wo_back.png":["assets/images/bx_wo_back.png"],"assets/images/login_background.jpg":["assets/images/login_background.jpg"],"assets/images/ts_logo_high.png":["assets/images/ts_logo_high.png"],"assets/images/tslogo_white.png":["assets/images/tslogo_white.png"],"packages/cupertino_icons/assets/CupertinoIcons.ttf":["packages/cupertino_icons/assets/CupertinoIcons.ttf"]}