[{"family":"MaterialIcons","fonts":[{"asset":"fonts/MaterialIcons-Regular.otf"}]},{"family":"Poppins","fonts":[{"asset":"assets/fonts/Poppins-Black.ttf"},{"asset":"assets/fonts/Poppins-BlackItalic.ttf"},{"asset":"assets/fonts/Poppins-Bold.ttf"},{"asset":"assets/fonts/Poppins-BoldItalic.ttf"},{"asset":"assets/fonts/Poppins-ExtraBold.ttf"},{"asset":"assets/fonts/Poppins-ExtraBoldItalic.ttf"},{"asset":"assets/fonts/Poppins-ExtraLight.ttf"},{"asset":"assets/fonts/Poppins-ExtraLightItalic.ttf"},{"asset":"assets/fonts/Poppins-Italic.ttf"},{"asset":"assets/fonts/Poppins-Light.ttf"},{"asset":"assets/fonts/Poppins-LightItalic.ttf"},{"asset":"assets/fonts/Poppins-Medium.ttf"},{"asset":"assets/fonts/Poppins-MediumItalic.ttf"},{"asset":"assets/fonts/Poppins-Regular.ttf"},{"asset":"assets/fonts/Poppins-SemiBold.ttf"},{"asset":"assets/fonts/Poppins-SemiBoldItalic.ttf"},{"asset":"assets/fonts/Poppins-Thin.ttf"},{"asset":"assets/fonts/Poppins-ThinItalic.ttf"}]},{"family":"packages/cupertino_icons/CupertinoIcons","fonts":[{"asset":"packages/cupertino_icons/assets/CupertinoIcons.ttf"}]}]